seller,buyer,post_id,buyer_comment_id,seller_comment_id,buyer_comment_time,seller_comment_time,rule,confidence,confidence_score
ZekNaemazza,Grape_Academic,1qztnv6,o4dxcb0,o4e6mal,2026-02-09 05:26:49+00:00,2026-02-09 06:43:45+00:00,seller_confirmed,high,1.0
zenpathfinder,kamarian91,1qz0ojc,o47hjrr,o47hrka,2026-02-08 05:38:38+00:00,2026-02-08 05:40:28+00:00,seller_confirmed,high,1.0
zenpathfinder,Unruly_archetype,1qz0ojc,o47hr5g,o47i30k,2026-02-08 05:40:21+00:00,2026-02-08 05:43:04+00:00,seller_confirmed,high,1.0
zenpathfinder,Loud_Movie_8484,1qz0ojc,o47kr92,o47l0o7,2026-02-08 06:05:37+00:00,2026-02-08 06:07:52+00:00,seller_confirmed,high,1.0
zenpathfinder,Keebler_elf2,1qz0ojc,o495nme,o4a07xw,2026-02-08 14:10:04+00:00,2026-02-08 16:49:32+00:00,seller_confirmed,high,1.0
stackinggold,stankc,1qyzpfp,o47ay7b,o47e8mw,2026-02-08 04:47:17+00:00,2026-02-08 05:12:19+00:00,seller_confirmed,high,1.0
stackinggold,Jayciferx,1qyzpfp,o47fcf6,o47hqxl,2026-02-08 05:21:02+00:00,2026-02-08 05:40:18+00:00,seller_confirmed,high,1.0
stackinggold,Objective_Cry_4818,1qyzpfp,o47bb2t,o47edz5,2026-02-08 04:49:58+00:00,2026-02-08 05:13:30+00:00,seller_confirmed,high,1.0
stackinggold,chafingNip,1qyzpfp,o47cit9,o47eg3r,2026-02-08 04:59:08+00:00,2026-02-08 05:13:58+00:00,seller_confirmed,high,1.0
stackinggold,Diligent-Double5032,1qyzpfp,o47ghrm,o47otzv,2026-02-08 05:30:05+00:00,2026-02-08 06:41:45+00:00,seller_confirmed,high,1.0
stackinggold,getmakapiapia,1qyzpfp,o47gse0,o47hio5,2026-02-08 05:32:26+00:00,2026-02-08 05:38:23+00:00,seller_confirmed,high,1.0
xxSpeedysxx,TheDude5777,1qyy1ri,o470hp3,o472bq6,2026-02-08 03:34:24+00:00,2026-02-08 03:46:29+00:00,seller_confirmed,high,1.0
xxSpeedysxx,aezekiel_121,1qyy1ri,o470kt1,o472c6n,2026-02-08 03:34:58+00:00,2026-02-08 03:46:34+00:00,seller_confirmed,high,1.0
xxSpeedysxx,TemperatureOk8729,1qyy1ri,o471m19,o473mp9,2026-02-08 03:41:46+00:00,2026-02-08 03:55:21+00:00,seller_confirmed,high,1.0
ZekNaemazza,Stingingjwc18,1qy2dkf,o40ok7j,o413kyk,2026-02-07 03:02:40+00:00,2026-02-07 04:45:12+00:00,seller_confirmed,high,1.0
ZekNaemazza,West-Boysenberry1596,1qy2dkf,o40otzx,o4185dg,2026-02-07 03:04:26+00:00,2026-02-07 05:19:30+00:00,seller_confirmed,high,1.0
ZekNaemazza,EqualityIsAFalseGod1,1qy2dkf,o40p08n,o4188bk,2026-02-07 03:05:32+00:00,2026-02-07 05:20:07+00:00,seller_confirmed,high,1.0
ZekNaemazza,rickmoney21,1qy2dkf,o40pw54,o417v34,2026-02-07 03:11:13+00:00,2026-02-07 05:17:16+00:00,seller_confirmed,high,1.0
ZekNaemazza,ColumbusJewBlackets,1qy2dkf,o40wdlm,o46g92y,2026-02-07 03:53:57+00:00,2026-02-08 01:25:35+00:00,seller_confirmed,high,1.0
ZekNaemazza,CoinSmiths,1qy2dkf,o41ujpd,o46gb92,2026-02-07 08:39:55+00:00,2026-02-08 01:25:57+00:00,seller_confirmed,high,1.0
Objective-Cap-7697,M4nuel20,1qy32li,o40vcoq,o40x31k,2026-02-07 03:47:02+00:00,2026-02-07 03:58:44+00:00,seller_confirmed,high,1.0
Objective-Cap-7697,Grundogg,1qy32li,o40yjf7,o40z3sp,2026-02-07 04:08:54+00:00,2026-02-07 04:12:54+00:00,seller_confirmed,high,1.0
Objective-Cap-7697,Travelnf,1qy32li,o42gvc7,o42u5go,2026-02-07 12:12:07+00:00,2026-02-07 13:44:48+00:00,seller_confirmed,high,1.0
FuzzyDunlopSeeEye,ChristopherKnowledge,1qy028k,o407nob,o40mzd8,2026-02-07 01:17:57+00:00,2026-02-07 02:52:47+00:00,seller_confirmed,high,1.0
FuzzyDunlopSeeEye,TurdyMcTurdson,1qy028k,o408tgr,o40mwjy,2026-02-07 01:25:01+00:00,2026-02-07 02:52:18+00:00,seller_confirmed,high,1.0
FuzzyDunlopSeeEye,Bryanm1125,1qy028k,o407spx,o40n21u,2026-02-07 01:18:48+00:00,2026-02-07 02:53:15+00:00,seller_confirmed,high,1.0
FuzzyDunlopSeeEye,BarkingIron0408,1qy028k,o4082l3,o40n89h,2026-02-07 01:20:28+00:00,2026-02-07 02:54:20+00:00,seller_confirmed,high,1.0
FuzzyDunlopSeeEye,Powernick50,1qy028k,o408r1f,o40na98,2026-02-07 01:24:36+00:00,2026-02-07 02:54:40+00:00,seller_confirmed,high,1.0
FuzzyDunlopSeeEye,ParticularHour1926,1qy028k,o40l8dx,o40s44l,2026-02-07 02:41:57+00:00,2026-02-07 03:25:28+00:00,seller_confirmed,high,1.0
FuzzyDunlopSeeEye,Academic-Brief47,1qy028k,o450d4g,o4513hp,2026-02-07 20:26:06+00:00,2026-02-07 20:30:06+00:00,seller_confirmed,high,1.0
xxSpeedysxx,JestLookatDat,1qx1oko,o3t9a13,o3tahjb,2026-02-05 23:58:58+00:00,2026-02-06 00:05:45+00:00,seller_confirmed,high,1.0
xxSpeedysxx,Snoo-35905,1qx1oko,o3t9ffk,o3tdbz8,2026-02-05 23:59:48+00:00,2026-02-06 00:22:01+00:00,seller_confirmed,high,1.0
GregHutch1964,jackrazorr,1qxjjiy,o3wx989,o3y3c89,2026-02-06 15:17:41+00:00,2026-02-06 18:37:16+00:00,seller_confirmed,high,1.0
GregHutch1964,Obsolete-guy,1qxjjiy,o3wrr7f,o3y3es1,2026-02-06 14:50:04+00:00,2026-02-06 18:37:36+00:00,seller_confirmed,high,1.0
GregHutch1964,Shittypasswordmemory,1qxjjiy,o3wrtdu,o3y3fnt,2026-02-06 14:50:22+00:00,2026-02-06 18:37:43+00:00,seller_confirmed,high,1.0
GregHutch1964,Next-Brief3132,1qxjjiy,o3wru77,o3y3gmi,2026-02-06 14:50:29+00:00,2026-02-06 18:37:50+00:00,seller_confirmed,high,1.0
GregHutch1964,Adventurous-End5580,1qxjjiy,o3wrv0z,o3ximfl,2026-02-06 14:50:37+00:00,2026-02-06 16:58:38+00:00,seller_confirmed,high,1.0
GregHutch1964,Unruly_archetype,1qxjjiy,o3wrxq3,o3y3j6b,2026-02-06 14:51:00+00:00,2026-02-06 18:38:10+00:00,seller_confirmed,high,1.0
GregHutch1964,CaptainJohnsLog,1qxjjiy,o3ws0q7,o3y1e0c,2026-02-06 14:51:25+00:00,2026-02-06 18:28:02+00:00,seller_confirmed,high,1.0
GregHutch1964,Timely_Safety_370,1qxjjiy,o3ws0um,o3y3lc7,2026-02-06 14:51:26+00:00,2026-02-06 18:38:27+00:00,seller_confirmed,high,1.0
GregHutch1964,Klutzy_Turnip_3011,1qxjjiy,o3ws17x,o3y3m1o,2026-02-06 14:51:29+00:00,2026-02-06 18:38:33+00:00,seller_confirmed,high,1.0
GregHutch1964,jangale84,1qxjjiy,o3ws4ps,o3y3ng6,2026-02-06 14:51:59+00:00,2026-02-06 18:38:44+00:00,seller_confirmed,high,1.0
GregHutch1964,JestLookatDat,1qxjjiy,o3wskj9,o3xiqqk,2026-02-06 14:54:11+00:00,2026-02-06 16:59:11+00:00,seller_confirmed,high,1.0
GregHutch1964,chafingNip,1qxjjiy,o3wsn13,o3y3odu,2026-02-06 14:54:32+00:00,2026-02-06 18:38:51+00:00,seller_confirmed,high,1.0
GregHutch1964,mabbmax,1qxjjiy,o3wszki,o3y3p53,2026-02-06 14:56:16+00:00,2026-02-06 18:38:57+00:00,seller_confirmed,high,1.0
GregHutch1964,rlaw66,1qxjjiy,o3wt8nb,o3y3ptn,2026-02-06 14:57:32+00:00,2026-02-06 18:39:03+00:00,seller_confirmed,high,1.0
GregHutch1964,WillyP17,1qxjjiy,o3wusxs,o3y3u0u,2026-02-06 15:05:29+00:00,2026-02-06 18:39:36+00:00,seller_confirmed,high,1.0
GregHutch1964,POD85831,1qxjjiy,o3wwypw,o3y4g0w,2026-02-06 15:16:15+00:00,2026-02-06 18:42:28+00:00,seller_confirmed,high,1.0
GregHutch1964,HoreDonTheBad,1qxjjiy,o3wxlv4,o3y4lfo,2026-02-06 15:19:23+00:00,2026-02-06 18:43:12+00:00,seller_confirmed,high,1.0
GregHutch1964,klast213,1qxjjiy,o3xwy9x,o3y15gi,2026-02-06 18:07:07+00:00,2026-02-06 18:26:55+00:00,seller_confirmed,high,1.0
rooneyskywalker,Excellent_Horse2903,1qw6i3h,o3mt8i1,o3odg2l,2026-02-05 00:46:01+00:00,2026-02-05 06:51:16+00:00,seller_confirmed,high,1.0
rooneyskywalker,BuggeroffIm50,1qw6i3h,o3mtomk,o3odgp5,2026-02-05 00:48:30+00:00,2026-02-05 06:51:24+00:00,seller_confirmed,high,1.0
rooneyskywalker,dricet77,1qw6i3h,o3mtzs8,o3r895q,2026-02-05 00:50:14+00:00,2026-02-05 18:01:43+00:00,seller_confirmed,high,1.0
rooneyskywalker,Intelligent-Guava225,1qw6i3h,o3muqhs,o3odpn5,2026-02-05 00:54:24+00:00,2026-02-05 06:53:32+00:00,seller_confirmed,high,1.0
SilverGram90,Objective_Cry_4818,1qvdah8,o3gt8ok,o3gy7cr,2026-02-04 03:22:54+00:00,2026-02-04 03:53:04+00:00,seller_confirmed,high,1.0
SilverGram90,PickleBall_Bandit,1qvdah8,o3gsr4d,o3gvm2s,2026-02-04 03:20:02+00:00,2026-02-04 03:37:07+00:00,seller_confirmed,high,1.0
SilverGram90,OminiousMetal7443,1qvdah8,o3gt3r5,o3jmfq3,2026-02-04 03:22:05+00:00,2026-02-04 15:31:09+00:00,seller_confirmed,high,1.0
SilverGram90,Vegetable_Lead_9110,1qvdah8,o3gtgy2,o3gvngx,2026-02-04 03:24:16+00:00,2026-02-04 03:37:21+00:00,seller_confirmed,high,1.0
SilverGram90,aboutme9713,1qvdah8,o3gv6en,o3hgzor,2026-02-04 03:34:27+00:00,2026-02-04 06:05:16+00:00,seller_confirmed,high,1.0
SilverGram90,InspectionArtistic69,1qvdah8,o3gxgj6,o3hh18q,2026-02-04 03:48:28+00:00,2026-02-04 06:05:37+00:00,seller_confirmed,high,1.0
SilverGram90,jangale84,1qvdah8,o3gz8cf,o3hh2cq,2026-02-04 03:59:30+00:00,2026-02-04 06:05:52+00:00,seller_confirmed,high,1.0
rooneyskywalker,enerses,1qud96j,o39c2tt,o39ws7n,2026-02-03 00:50:01+00:00,2026-02-03 02:47:51+00:00,seller_confirmed,high,1.0
rooneyskywalker,WilliamScottCarroll,1qud96j,o39dyqx,o39x21h,2026-02-03 01:00:41+00:00,2026-02-03 02:49:25+00:00,seller_confirmed,high,1.0
rooneyskywalker,crafty_southpaw,1qud96j,o39f3yp,o39x5ph,2026-02-03 01:07:13+00:00,2026-02-03 02:50:00+00:00,seller_confirmed,high,1.0
rooneyskywalker,yaba325,1qud96j,o39fk7h,o39x8l8,2026-02-03 01:09:49+00:00,2026-02-03 02:50:28+00:00,seller_confirmed,high,1.0
rooneyskywalker,Unable_Medicine3362,1qud96j,o39flj1,o39x9g8,2026-02-03 01:10:02+00:00,2026-02-03 02:50:35+00:00,seller_confirmed,high,1.0
xxSpeedysxx,jackrazorr,1qud4kk,o39a1f0,o39bpd8,2026-02-03 00:38:54+00:00,2026-02-03 00:47:56+00:00,seller_confirmed,high,1.0
xxSpeedysxx,Zoomieneumy,1qud4kk,o39ac59,o39bx0b,2026-02-03 00:40:30+00:00,2026-02-03 00:49:07+00:00,seller_confirmed,high,1.0
xxSpeedysxx,Runepickax,1qud4kk,o39ah5b,o39c3do,2026-02-03 00:41:15+00:00,2026-02-03 00:50:07+00:00,seller_confirmed,high,1.0
xxSpeedysxx,PopDowntown2662,1qud4kk,o39alba,o39c7qm,2026-02-03 00:41:53+00:00,2026-02-03 00:50:47+00:00,seller_confirmed,high,1.0
xxSpeedysxx,Illustrious_Panda238,1qud4kk,o39b27m,o39daa6,2026-02-03 00:44:26+00:00,2026-02-03 00:56:49+00:00,seller_confirmed,high,1.0
xxSpeedysxx,ohmygodpleasedont,1qud4kk,o39bb4o,o39f1wn,2026-02-03 00:45:47+00:00,2026-02-03 01:06:53+00:00,seller_confirmed,high,1.0
xxSpeedysxx,GoldponyGT,1qud4kk,o39kthy,o3ajw3c,2026-02-03 01:39:57+00:00,2026-02-03 05:16:46+00:00,seller_confirmed,high,1.0
Objective-Cap-7697,bekindrefindyaself,1r6uzqa,o5t597v,o5t5c7n,2026-02-17 04:07:17+00:00,2026-02-17 04:07:52+00:00,seller_confirmed,high,1.0
Objective-Cap-7697,Apart_Telephone8709,1r6uzqa,o5tjnme,o5tk0s9,2026-02-17 05:53:09+00:00,2026-02-17 05:56:07+00:00,seller_confirmed,high,1.0
ZekNaemazza,Remarkable_Staff_765,1r5xkk8,o5mbybi,o5mcpy4,2026-02-16 03:02:14+00:00,2026-02-16 03:07:19+00:00,seller_confirmed,high,1.0
ZekNaemazza,SmallChungus1235,1r5xkk8,o5mdxvo,o5mgg5g,2026-02-16 03:15:26+00:00,2026-02-16 03:32:31+00:00,seller_confirmed,high,1.0
zenpathfinder,Dnzomniac,1r56tj9,o5gqmja,o5gr1fy,2026-02-15 05:50:54+00:00,2026-02-15 05:54:28+00:00,seller_confirmed,high,1.0
xxSpeedysxx,Dumpster007,1r521qi,o5fsjiv,o5fsnmr,2026-02-15 01:40:42+00:00,2026-02-15 01:41:29+00:00,seller_confirmed,high,1.0
xxSpeedysxx,a3quit4s_,1r521qi,o5ft2op,o5fue2q,2026-02-15 01:44:18+00:00,2026-02-15 01:53:06+00:00,seller_confirmed,high,1.0
xxSpeedysxx,zknight64,1r521qi,o5g2jkl,o5g6cje,2026-02-15 02:48:34+00:00,2026-02-15 03:14:50+00:00,seller_confirmed,high,1.0
ZekNaemazza,Nocap-95,1r47knb,o59yzt1,o5a3h59,2026-02-14 02:38:45+00:00,2026-02-14 03:07:50+00:00,seller_confirmed,high,1.0
ZekNaemazza,GatsAndThings,1r47knb,o59qeuu,o59r2d2,2026-02-14 01:44:09+00:00,2026-02-14 01:48:20+00:00,seller_confirmed,high,1.0
ZekNaemazza,Objective-Cap-7697,1r47knb,o59qsec,o59scj8,2026-02-14 01:46:34+00:00,2026-02-14 01:56:26+00:00,seller_confirmed,high,1.0
ZekNaemazza,Shittypasswordmemory,1r47knb,o59r82r,o59v58w,2026-02-14 01:49:20+00:00,2026-02-14 02:14:11+00:00,seller_confirmed,high,1.0
ZekNaemazza,RisingTide72,1r47knb,o59rfg7,o59xkr7,2026-02-14 01:50:37+00:00,2026-02-14 02:29:44+00:00,seller_confirmed,high,1.0
xxSpeedysxx,QuantumCosmonaut,1r3bzx3,o539hxr,o539xg0,2026-02-13 01:49:46+00:00,2026-02-13 01:52:26+00:00,seller_confirmed,high,1.0
xxSpeedysxx,Such-Honeydew-8877,1r3bzx3,o537nsp,o5385n5,2026-02-13 01:38:20+00:00,2026-02-13 01:41:25+00:00,seller_confirmed,high,1.0
xxSpeedysxx,818lakers818,1r3bzx3,o53jmbq,o53mrw1,2026-02-13 02:51:51+00:00,2026-02-13 03:11:32+00:00,seller_confirmed,high,1.0
stackinggold,YouGetWhatYouPayFour,1r43w77,o58zbbj,o58zjal,2026-02-13 22:59:48+00:00,2026-02-13 23:01:02+00:00,seller_confirmed,high,1.0
stackinggold,east140,1r43w77,o58zoxb,o5ad7l2,2026-02-13 23:01:56+00:00,2026-02-14 04:15:37+00:00,seller_confirmed,high,1.0
stackinggold,Objective_Cry_4818,1r43w77,o5904oq,o5adba2,2026-02-13 23:04:26+00:00,2026-02-14 04:16:22+00:00,seller_confirmed,high,1.0
stackinggold,klutzman007,1r43w77,o591z2g,o5920k2,2026-02-13 23:15:06+00:00,2026-02-13 23:15:21+00:00,seller_confirmed,high,1.0
stackinggold,randomdancingpants,1r43w77,o59dokh,o5d3m7g,2026-02-14 00:25:04+00:00,2026-02-14 16:43:23+00:00,seller_confirmed,high,1.0
zenpathfinder,SnooCheesecakes5062,1r3gxum,o548r0r,o548x89,2026-02-13 05:46:25+00:00,2026-02-13 05:47:47+00:00,seller_confirmed,high,1.0
zenpathfinder,Invisiblelife98,1r3gxum,o54gw2p,o54i07o,2026-02-13 06:54:36+00:00,2026-02-13 07:04:08+00:00,seller_confirmed,high,1.0
zenpathfinder,Unable_Medicine3362,1r3gxum,o55erpa,o57uhrf,2026-02-13 12:00:14+00:00,2026-02-13 19:33:23+00:00,seller_confirmed,high,1.0
Objective-Cap-7697,illijar,1r3cl9m,o53c4x7,o53cemf,2026-02-13 02:05:50+00:00,2026-02-13 02:07:28+00:00,seller_confirmed,high,1.0
Objective-Cap-7697,jbarberggd,1r3cl9m,o53dcgs,o53e7fa,2026-02-13 02:13:13+00:00,2026-02-13 02:18:28+00:00,seller_confirmed,high,1.0
Objective-Cap-7697,Motor_Ad68,1r3cl9m,o53bzok,o53cfr0,2026-02-13 02:04:58+00:00,2026-02-13 02:07:39+00:00,seller_confirmed,high,1.0
Objective-Cap-7697,Objective_Cry_4818,1r3cl9m,o53cmgw,o53h2v7,2026-02-13 02:08:48+00:00,2026-02-13 02:36:09+00:00,seller_confirmed,high,1.0
Objective-Cap-7697,throwawaysandlot2020,1r3cl9m,o53cykq,o53l92y,2026-02-13 02:10:50+00:00,2026-02-13 03:01:51+00:00,seller_confirmed,high,1.0
Objective-Cap-7697,Hour-Hold3427,1r3cl9m,o53e6kr,o53ktwo,2026-02-13 02:18:20+00:00,2026-02-13 02:59:16+00:00,seller_confirmed,high,1.0
Objective-Cap-7697,Bigs3xywithglasses,1r3cl9m,o53ej4v,o53gpig,2026-02-13 02:20:26+00:00,2026-02-13 02:33:52+00:00,seller_confirmed,high,1.0
Objective-Cap-7697,SupplyC,1r3cl9m,o53fg9l,o53hu0q,2026-02-13 02:26:06+00:00,2026-02-13 02:40:49+00:00,seller_confirmed,high,1.0
Objective-Cap-7697,JackieIce502,1r3cl9m,o53h801,o53i67m,2026-02-13 02:37:02+00:00,2026-02-13 02:42:55+00:00,seller_confirmed,high,1.0
Objective-Cap-7697,Potential_Bottle7803,1r3cl9m,o53kgnm,o53op1q,2026-02-13 02:57:00+00:00,2026-02-13 03:23:53+00:00,seller_confirmed,high,1.0
FuzzyDunlopSeeEye,keysandpeeles,1r2fv0v,o4wla30,o4wltqv,2026-02-12 01:20:04+00:00,2026-02-12 01:23:27+00:00,seller_confirmed,high,1.0
FuzzyDunlopSeeEye,Monfrere3,1r2fv0v,o4wlifx,o4wluh9,2026-02-12 01:21:31+00:00,2026-02-12 01:23:35+00:00,seller_confirmed,high,1.0
FuzzyDunlopSeeEye,Shittypasswordmemory,1r2fv0v,o4wljfr,o4wnz01,2026-02-12 01:21:41+00:00,2026-02-12 01:36:49+00:00,seller_confirmed,high,1.0
FuzzyDunlopSeeEye,Such-Honeydew-8877,1r2fv0v,o4wln7i,o4wu6zo,2026-02-12 01:22:20+00:00,2026-02-12 02:14:16+00:00,seller_confirmed,high,1.0
FuzzyDunlopSeeEye,I-Hate-Accounting,1r2fv0v,o4wlnid,o4wucm7,2026-02-12 01:22:23+00:00,2026-02-12 02:15:11+00:00,seller_confirmed,high,1.0
FuzzyDunlopSeeEye,Phata12345,1r2fv0v,o4wn04q,o4wuo76,2026-02-12 01:30:46+00:00,2026-02-12 02:17:07+00:00,seller_confirmed,high,1.0
FuzzyDunlopSeeEye,theanomalyg,1r2fv0v,o4wslpx,o4wzp5i,2026-02-12 02:04:45+00:00,2026-02-12 02:46:56+00:00,seller_confirmed,high,1.0
FuzzyDunlopSeeEye,Life_Accountant9313,1r2fv0v,o4wvyfz,o4x23ur,2026-02-12 02:24:45+00:00,2026-02-12 03:01:19+00:00,seller_confirmed,high,1.0
FuzzyDunlopSeeEye,AdMobile1074,1r2fv0v,o4wzm66,o4xamam,2026-02-12 02:46:27+00:00,2026-02-12 03:56:19+00:00,seller_confirmed,high,1.0
FuzzyDunlopSeeEye,MaleficentPapaya4768,1r2fv0v,o4x375f,o4x9u2f,2026-02-12 03:08:04+00:00,2026-02-12 03:51:08+00:00,seller_confirmed,high,1.0
FuzzyDunlopSeeEye,tueueuue,1r2fv0v,o4ztu8k,o530b02,2026-02-12 15:29:07+00:00,2026-02-13 00:53:38+00:00,seller_confirmed,high,1.0
rooneyskywalker,Soggy_Currency4893,1r2f58q,o4wfy48,o4wgbsw,2026-02-12 00:47:46+00:00,2026-02-12 00:50:00+00:00,seller_confirmed,high,1.0
rooneyskywalker,B_danky,1r2f58q,o4wfzsq,o4whvvb,2026-02-12 00:48:03+00:00,2026-02-12 00:59:18+00:00,seller_confirmed,high,1.0
stackinggold,Ordinary-Nature-8704,1r18a2k,o4nm3w3,o4pkm28,2026-02-10 18:10:58+00:00,2026-02-10 23:51:34+00:00,seller_confirmed,high,1.0
stackinggold,JestLookatDat,1r18a2k,o4nmzcm,o4nwich,2026-02-10 18:14:58+00:00,2026-02-10 18:58:04+00:00,seller_confirmed,high,1.0
stackinggold,TruthAny523,1r18a2k,o4nn1rg,o4nxmyd,2026-02-10 18:15:17+00:00,2026-02-10 19:03:13+00:00,seller_confirmed,high,1.0
stackinggold,kamarian91,1r18a2k,o4nno7e,o4pl135,2026-02-10 18:18:06+00:00,2026-02-10 23:53:51+00:00,seller_confirmed,high,1.0
stackinggold,mxwllbkr,1r18a2k,o4noc3t,o4pl3zu,2026-02-10 18:21:06+00:00,2026-02-10 23:54:19+00:00,seller_confirmed,high,1.0
stackinggold,whoisbenguthrie,1r18a2k,o4nxm4s,o4nzrrf,2026-02-10 19:03:06+00:00,2026-02-10 19:13:04+00:00,seller_confirmed,high,1.0
xxSpeedysxx,Heavy_Surround779,1r0q4gc,o4k0win,o4k1f6p,2026-02-10 03:46:47+00:00,2026-02-10 03:50:05+00:00,seller_confirmed,high,1.0
xxSpeedysxx,ApexLamb,1r0q4gc,o4k0r2l,o4k1eya,2026-02-10 03:45:50+00:00,2026-02-10 03:50:03+00:00,seller_confirmed,high,1.0
xxSpeedysxx,YouLiving1246,1r0q4gc,o4k8oj4,o4k9jrs,2026-02-10 04:39:10+00:00,2026-02-10 04:45:13+00:00,seller_confirmed,high,1.0
Objective-Cap-7697,FewTransportation512,1r0ne8t,o4jgzb3,o4jhwm8,2026-02-10 01:47:14+00:00,2026-02-10 01:52:38+00:00,seller_confirmed,high,1.0
Objective-Cap-7697,BBala422,1r0ne8t,o4ju1of,o4juor7,2026-02-10 03:03:49+00:00,2026-02-10 03:07:45+00:00,seller_confirmed,high,1.0
rooneyskywalker,PhysicsNo7200,1r0ly60,o4j5wgc,o4j6cf8,2026-02-10 00:42:35+00:00,2026-02-10 00:45:10+00:00,seller_confirmed,high,1.0
rooneyskywalker,Visible_Prompt_514,1r0ly60,o4j6wf7,o4jn34q,2026-02-10 00:48:24+00:00,2026-02-10 02:22:43+00:00,seller_confirmed,high,1.0
rooneyskywalker,Tsev33,1r0ly60,o4jdxis,o4jn8ey,2026-02-10 01:29:20+00:00,2026-02-10 02:23:35+00:00,seller_confirmed,high,1.0
rooneyskywalker,HoreDonTheBad,1r0ly60,o4jfyk8,o4jnmhd,2026-02-10 01:41:20+00:00,2026-02-10 02:25:51+00:00,seller_confirmed,high,1.0
rooneyskywalker,a3quit4s_,1r0ly60,o4j6a8w,o4jmzgf,2026-02-10 00:44:49+00:00,2026-02-10 02:22:08+00:00,seller_confirmed,high,1.0
rooneyskywalker,dajmann,1r0ly60,o4j6cqx,o4jmzub,2026-02-10 00:45:13+00:00,2026-02-10 02:22:12+00:00,seller_confirmed,high,1.0
rooneyskywalker,Alert_Spinach8577,1r0ly60,o4kiaty,o4kkpjz,2026-02-10 05:50:59+00:00,2026-02-10 06:10:59+00:00,seller_confirmed,high,1.0
stackinggold,Impressive_Sir_3886,1r8cect,o63wjib,o64xc0s,2026-02-18 19:23:01+00:00,2026-02-18 22:13:16+00:00,seller_confirmed,high,1.0
stackinggold,ProcessorChip,1r8cect,o64nool,o6626du,2026-02-18 21:29:11+00:00,2026-02-19 01:55:35+00:00,seller_confirmed,high,1.0
rooneyskywalker,NobleFinds,1r9gl71,o6c7saj,o6c85xx,2026-02-20 00:33:01+00:00,2026-02-20 00:35:14+00:00,seller_confirmed,high,1.0
rooneyskywalker,Originalalphabet,1r9gl71,o6c7vw3,o6c8m46,2026-02-20 00:33:36+00:00,2026-02-20 00:37:52+00:00,seller_confirmed,high,1.0
rooneyskywalker,NobleFinds,1r9gl71,o6c8i4x,o6cxlm4,2026-02-20 00:37:14+00:00,2026-02-20 03:10:53+00:00,seller_confirmed,high,1.0
rooneyskywalker,LilNewton,1r9gl71,o6c954o,o6cxkl8,2026-02-20 00:40:56+00:00,2026-02-20 03:10:42+00:00,seller_confirmed,high,1.0
rooneyskywalker,InspectionArtistic69,1r9gl71,o6c9yt3,o6cxcy2,2026-02-20 00:45:46+00:00,2026-02-20 03:09:21+00:00,seller_confirmed,high,1.0
rooneyskywalker,ZookeepergameHour27,1r9gl71,o6cao32,o6cxa4i,2026-02-20 00:49:57+00:00,2026-02-20 03:08:52+00:00,seller_confirmed,high,1.0
rooneyskywalker,mikeg4015,1r9gl71,o6cc3ep,o6cwfem,2026-02-20 00:58:30+00:00,2026-02-20 03:03:32+00:00,seller_confirmed,high,1.0
rooneyskywalker,AlternativeThick6763,1r9gl71,o6ccwir,o6cwemn,2026-02-20 01:03:25+00:00,2026-02-20 03:03:24+00:00,seller_confirmed,high,1.0
rooneyskywalker,paul07444,1r9gl71,o6civdo,o6cj6g9,2026-02-20 01:40:24+00:00,2026-02-20 01:42:18+00:00,seller_confirmed,high,1.0
rooneyskywalker,Lov3ism,1r9gl71,o6gd7v5,o6gdnnv,2026-02-20 17:14:48+00:00,2026-02-20 17:16:51+00:00,seller_confirmed,high,1.0
rooneyskywalker,PerspectiveDizzy1954,1r9gl71,o70gubi,o70h0ts,2026-02-23 20:15:24+00:00,2026-02-23 20:16:16+00:00,seller_confirmed,high,1.0
zenpathfinder,Sensitive-Sherbet-48,1rbebkv,o6qcx2i,o6qd0b3,2026-02-22 06:32:22+00:00,2026-02-22 06:33:11+00:00,seller_confirmed,high,1.0
zenpathfinder,Temple0fP00n,1rbebkv,o6qgehq,o6qgpg6,2026-02-22 07:04:14+00:00,2026-02-22 07:07:03+00:00,seller_confirmed,high,1.0
zenpathfinder,manyouknow,1rbebkv,o6s3u33,o6s3y8w,2026-02-22 14:59:59+00:00,2026-02-22 15:00:34+00:00,seller_confirmed,high,1.0
rooneyskywalker,Soggy_Currency4893,1rb9uw5,o6plw4t,o713p9h,2026-02-22 03:07:00+00:00,2026-02-23 22:06:35+00:00,seller_confirmed,high,1.0
rooneyskywalker,CoinSmiths,1rb9uw5,o6pife7,o6prkcf,2026-02-22 02:43:57+00:00,2026-02-22 03:46:01+00:00,seller_confirmed,high,1.0
rooneyskywalker,Apprehensive_Basis14,1rb9uw5,o6pihcj,o6prkww,2026-02-22 02:44:17+00:00,2026-02-22 03:46:07+00:00,seller_confirmed,high,1.0
rooneyskywalker,HoreDonTheBad,1rb9uw5,o6pij46,o6prl7v,2026-02-22 02:44:37+00:00,2026-02-22 03:46:11+00:00,seller_confirmed,high,1.0
rooneyskywalker,gonetoworkk,1rb9uw5,o6po4nb,o6prti5,2026-02-22 03:22:19+00:00,2026-02-22 03:47:46+00:00,seller_confirmed,high,1.0
zenpathfinder,gonetoworkk,1r9me7e,o6nwkw4,o6ock97,2026-02-21 21:00:03+00:00,2026-02-21 22:25:23+00:00,seller_confirmed,high,1.0
zenpathfinder,Phata12345,1r9me7e,o6ew0ql,o6gj7k7,2026-02-20 12:47:35+00:00,2026-02-20 17:42:45+00:00,seller_confirmed,high,1.0
zenpathfinder,CoinSmiths,1r9me7e,o6dxf5p,o6dxx6t,2026-02-20 07:52:12+00:00,2026-02-20 07:56:52+00:00,seller_confirmed,high,1.0
zenpathfinder,HealthyCabinet,1r9me7e,o6do4wu,o6dr2lt,2026-02-20 06:27:35+00:00,2026-02-20 06:53:46+00:00,seller_confirmed,high,1.0
SilverGram90,CoinSmiths,1r9n9c9,o6djxc2,o6dwk1f,2026-02-20 05:51:24+00:00,2026-02-20 07:44:12+00:00,seller_confirmed,high,1.0
SilverGram90,ChristopherKnowledge,1r9n9c9,o6dl5im,o6dn2u6,2026-02-20 06:01:48+00:00,2026-02-20 06:18:22+00:00,seller_confirmed,high,1.0
SilverGram90,Objective-Donkey8323,1r9n9c9,o6dm9sk,o6dpajk,2026-02-20 06:11:24+00:00,2026-02-20 06:37:51+00:00,seller_confirmed,high,1.0
SilverGram90,Argus-Simon,1r9n9c9,o6dmdbn,o6dsica,2026-02-20 06:12:16+00:00,2026-02-20 07:06:48+00:00,seller_confirmed,high,1.0
SilverGram90,Callaway225,1r9n9c9,o6dl1x3,o6dmtm8,2026-02-20 06:00:56+00:00,2026-02-20 06:16:10+00:00,seller_confirmed,high,1.0
stackinggold,Objective-Cap-7697,1ra6ys2,o6hrete,o6ippbf,2026-02-20 21:11:27+00:00,2026-02-21 00:15:30+00:00,seller_confirmed,high,1.0
LogicGuy141,Jazzlike-Succotash-5,1rad1se,o6iwudy,o6ix3k3,2026-02-21 00:57:02+00:00,2026-02-21 00:58:36+00:00,seller_confirmed,high,1.0
LogicGuy141,PlasmaStones,1rad1se,o6j3go1,o6j3znc,2026-02-21 01:38:23+00:00,2026-02-21 01:41:44+00:00,seller_confirmed,high,1.0
LogicGuy141,TacosTaken,1rad1se,o6j74wa,o6js7ep,2026-02-21 02:01:27+00:00,2026-02-21 04:19:54+00:00,seller_confirmed,high,1.0
LogicGuy141,ejm1025,1rad1se,o6jp9yw,o6js1f9,2026-02-21 03:59:07+00:00,2026-02-21 04:18:45+00:00,seller_confirmed,high,1.0
xxSpeedysxx,Temple0fP00n,1rabts0,o6iqkxw,o6ivzah,2026-02-21 00:20:30+00:00,2026-02-21 00:51:48+00:00,seller_confirmed,high,1.0
xxSpeedysxx,ez0299,1rabts0,o6it8du,o6ivyxw,2026-02-21 00:35:44+00:00,2026-02-21 00:51:44+00:00,seller_confirmed,high,1.0
FuzzyDunlopSeeEye,Flood_Incantation,1raemkr,o6ja2kp,o6jfb2h,2026-02-21 02:19:45+00:00,2026-02-21 02:52:47+00:00,seller_confirmed,high,1.0
FuzzyDunlopSeeEye,Tsev33,1raemkr,o6jevx4,o6jgjn7,2026-02-21 02:50:08+00:00,2026-02-21 03:00:42+00:00,seller_confirmed,high,1.0
FuzzyDunlopSeeEye,rlaw66,1raemkr,o6lqei5,o6mued1,2026-02-21 14:17:32+00:00,2026-02-21 17:45:46+00:00,seller_confirmed,high,1.0
FuzzyDunlopSeeEye,Academic-Brief47,1raemkr,o6mepxv,o6mucp8,2026-02-21 16:26:49+00:00,2026-02-21 17:45:32+00:00,seller_confirmed,high,1.0
Objective-Cap-7697,adizzle2517,1r9i01o,o6cjuwm,o6cjy7y,2026-02-20 01:46:28+00:00,2026-02-20 01:47:02+00:00,seller_confirmed,high,1.0
ZekNaemazza,klutzman007,1r9ily6,o6cpraj,o6cspp4,2026-02-20 02:22:33+00:00,2026-02-20 02:40:38+00:00,seller_confirmed,high,1.0
xxSpeedysxx,LobsterClean1905,1re07t4,o793d3i,o794lnj,2026-02-25 02:05:57+00:00,2026-02-25 02:12:58+00:00,seller_confirmed,high,1.0
zenpathfinder,9EE2H24,1re4sdi,o7lydkq,o7mkhs9,2026-02-26 23:51:18+00:00,2026-02-27 01:56:15+00:00,seller_confirmed,high,1.0
zenpathfinder,wnewto1,1re4sdi,o7a30fo,o7a3dhg,2026-02-25 05:51:58+00:00,2026-02-25 05:54:49+00:00,seller_confirmed,high,1.0
zenpathfinder,Bangbangstickemup,1re4sdi,o7a20jx,o7a3922,2026-02-25 05:44:13+00:00,2026-02-25 05:53:50+00:00,seller_confirmed,high,1.0
zenpathfinder,Heavy_Surround779,1re4sdi,o7a1yg8,o7a39s6,2026-02-25 05:43:48+00:00,2026-02-25 05:54:00+00:00,seller_confirmed,high,1.0
zenpathfinder,Signal-Hearing-2025,1re4sdi,o7a1uyj,o7a3amv,2026-02-25 05:43:02+00:00,2026-02-25 05:54:11+00:00,seller_confirmed,high,1.0
Objective-Cap-7697,intrepidagent4444,1rdygmt,o78ppsz,o78pulh,2026-02-25 00:48:37+00:00,2026-02-25 00:49:20+00:00,seller_confirmed,high,1.0
Objective-Cap-7697,Express_Policy_1770,1rdygmt,o78poni,o78prnf,2026-02-25 00:48:26+00:00,2026-02-25 00:48:53+00:00,seller_confirmed,high,1.0
Objective-Cap-7697,Legitimate_Bid_574,1rdygmt,o78y3zl,o78z6c0,2026-02-25 01:35:44+00:00,2026-02-25 01:41:54+00:00,seller_confirmed,high,1.0
Objective-Cap-7697,Professor_glob,1rdygmt,o7a4nsw,o7biuue,2026-02-25 06:04:52+00:00,2026-02-25 13:08:00+00:00,seller_confirmed,high,1.0
LogicGuy141,ldmiller33,1rclqba,o6z6nh7,o6z6yqs,2026-02-23 16:41:12+00:00,2026-02-23 16:42:38+00:00,seller_confirmed,high,1.0
LogicGuy141,HodlStonks420,1rclqba,o6z4cty,o6z5p2s,2026-02-23 16:30:37+00:00,2026-02-23 16:36:49+00:00,seller_confirmed,high,1.0
LogicGuy141,IslandTerror1,1rclqba,o6zgupi,o70ispw,2026-02-23 17:28:54+00:00,2026-02-23 20:24:48+00:00,seller_confirmed,high,1.0
LogicGuy141,keysandpeeles,1rclqba,o6zu0a5,o6zucan,2026-02-23 18:29:35+00:00,2026-02-23 18:31:05+00:00,seller_confirmed,high,1.0
LogicGuy141,EyeofHorus73,1rclqba,o6zud5w,o6zuhly,2026-02-23 18:31:11+00:00,2026-02-23 18:31:44+00:00,seller_confirmed,high,1.0
LogicGuy141,loganhughes32,1rclqba,o6z2fm5,o6z32xv,2026-02-23 16:21:43+00:00,2026-02-23 16:24:44+00:00,seller_confirmed,high,1.0
rooneyskywalker,Impressive_Sir_3886,1rd2awz,o72gcnp,o72l31j,2026-02-24 02:37:37+00:00,2026-02-24 03:05:01+00:00,seller_confirmed,high,1.0
rooneyskywalker,Sufficient_Stay_7889,1rd2awz,o72emb9,o72f2ap,2026-02-24 02:27:28+00:00,2026-02-24 02:30:03+00:00,seller_confirmed,high,1.0
rooneyskywalker,HoreDonTheBad,1rd2awz,o72h1pg,o72l3by,2026-02-24 02:41:39+00:00,2026-02-24 03:05:04+00:00,seller_confirmed,high,1.0
rooneyskywalker,InspectorMadDog,1rd2awz,o72lig1,o72s20k,2026-02-24 03:07:37+00:00,2026-02-24 03:48:15+00:00,seller_confirmed,high,1.0
rooneyskywalker,No_Association_3200,1rd2awz,o72tahm,o72tsjn,2026-02-24 03:56:17+00:00,2026-02-24 03:59:37+00:00,seller_confirmed,high,1.0
FuzzyDunlopSeeEye,SkiBum198,1rd1g6t,o729jj0,o72e95i,2026-02-24 01:58:10+00:00,2026-02-24 02:25:21+00:00,seller_confirmed,high,1.0
FuzzyDunlopSeeEye,MOSledgeHammer,1rd1g6t,o72a387,o72ilil,2026-02-24 02:01:22+00:00,2026-02-24 02:50:28+00:00,seller_confirmed,high,1.0
stackinggold,Grundogg,1rcpk5x,o6zu9kx,o704sct,2026-02-23 18:30:45+00:00,2026-02-23 19:18:35+00:00,seller_confirmed,high,1.0
stackinggold,keysandpeeles,1rcpk5x,o6zui5o,o704wqi,2026-02-23 18:31:49+00:00,2026-02-23 19:19:09+00:00,seller_confirmed,high,1.0
stackinggold,CoinSmiths,1rcpk5x,o6zujaa,o707i1l,2026-02-23 18:31:57+00:00,2026-02-23 19:31:14+00:00,seller_confirmed,high,1.0
stackinggold,Worldly-Shake-3451,1rcpk5x,o6zxpvu,o707ixn,2026-02-23 18:46:20+00:00,2026-02-23 19:31:20+00:00,seller_confirmed,high,1.0
stackinggold,[deleted],1rcpk5x,o6zygy3,o707jlq,2026-02-23 18:49:40+00:00,2026-02-23 19:31:26+00:00,seller_confirmed,high,1.0
xxSpeedysxx,InspectionArtistic69,1rc4a43,o6vq3by,o6vrmf6,2026-02-23 01:58:53+00:00,2026-02-23 02:08:03+00:00,seller_confirmed,high,1.0
xxSpeedysxx,Ill_Contribution9905,1rc4a43,o6vsubh,o6vwnwf,2026-02-23 02:15:29+00:00,2026-02-23 02:38:45+00:00,seller_confirmed,high,1.0
SilverGram90,Choice_Republic_29,1rc8bbt,o6wikb2,o6wjnxs,2026-02-23 05:06:25+00:00,2026-02-23 05:14:47+00:00,seller_confirmed,high,1.0
SilverGram90,ConeBone-69,1rc8bbt,o6wj3vp,o6woq0i,2026-02-23 05:10:31+00:00,2026-02-23 05:55:25+00:00,seller_confirmed,high,1.0
SilverGram90,Fluffdaddyj,1rc8bbt,o6wjbjs,o6wrvv0,2026-02-23 05:12:08+00:00,2026-02-23 06:22:19+00:00,seller_confirmed,high,1.0
SilverGram90,Parking_Order_8521,1rc8bbt,o6wk0gz,o6wosjk,2026-02-23 05:17:26+00:00,2026-02-23 05:56:00+00:00,seller_confirmed,high,1.0
stackinggold,Grundogg,1rgeu75,o7rcqcu,o7us4lh,2026-02-27 20:04:02+00:00,2026-02-28 09:37:24+00:00,seller_confirmed,high,1.0
stackinggold,Informal_Bug_76,1rgeu75,o7roko7,o7usb6w,2026-02-27 21:03:51+00:00,2026-02-28 09:39:16+00:00,seller_confirmed,high,1.0
LogicGuy141,floww_87,1rgitnd,o7roqmv,o7rp149,2026-02-27 21:04:41+00:00,2026-02-27 21:06:09+00:00,seller_confirmed,high,1.0
LogicGuy141,Objective-Cap-7697,1rgitnd,o7rpk6z,o7rpo7v,2026-02-27 21:08:49+00:00,2026-02-27 21:09:23+00:00,seller_confirmed,high,1.0
LogicGuy141,LARSOCboiii,1rgitnd,o7soyvo,o7sp941,2026-02-28 00:20:30+00:00,2026-02-28 00:22:09+00:00,seller_confirmed,high,1.0
LogicGuy141,BeneficialTackle6320,1rgitnd,o89aaxl,o8k5cbe,2026-03-02 17:01:29+00:00,2026-03-04 07:53:04+00:00,seller_confirmed,high,1.0
rooneyskywalker,Far_Comment973,1rhjd7x,o7z6ph2,o7zjd4r,2026-03-01 01:14:34+00:00,2026-03-01 02:32:06+00:00,seller_confirmed,high,1.0
rooneyskywalker,Life-Cucumber-7033,1rhjd7x,o80cc1n,o830u7j,2026-03-01 05:53:28+00:00,2026-03-01 17:23:24+00:00,seller_confirmed,high,1.0
rooneyskywalker,AdvertisingSea2745,1rhjd7x,o7zgg7v,o7zjrwf,2026-03-01 02:14:23+00:00,2026-03-01 02:34:38+00:00,seller_confirmed,high,1.0
rooneyskywalker,UsEr_NaMe_0915,1rhjd7x,o7zb9dj,o7zjonf,2026-03-01 01:42:43+00:00,2026-03-01 02:34:04+00:00,seller_confirmed,high,1.0
rooneyskywalker,gymleader44,1rhjd7x,o7z4jpt,o7z5qxd,2026-03-01 01:01:22+00:00,2026-03-01 01:08:40+00:00,seller_confirmed,high,1.0
GregHutch1964,OsirisMetals,1rglxi0,o7scz06,o7slmef,2026-02-27 23:10:44+00:00,2026-02-28 00:00:53+00:00,seller_confirmed,high,1.0
GregHutch1964,Alt_twd1987,1rglxi0,o7scn7k,o7sltkh,2026-02-27 23:08:52+00:00,2026-02-28 00:02:04+00:00,seller_confirmed,high,1.0
GregHutch1964,fbisurveillancevan13,1rglxi0,o7scvjq,o7slx9u,2026-02-27 23:10:11+00:00,2026-02-28 00:02:40+00:00,seller_confirmed,high,1.0
GregHutch1964,Unable_Medicine3362,1rglxi0,o7sf1qx,o7xclh0,2026-02-27 23:22:40+00:00,2026-02-28 19:07:39+00:00,seller_confirmed,high,1.0
GregHutch1964,Krazy4Kookaburras,1rglxi0,o81ku0g,o849sgc,2026-03-01 12:39:32+00:00,2026-03-01 21:03:03+00:00,seller_confirmed,high,1.0
GregHutch1964,robertras,1rglxi0,o7sd6zj,o7slkx0,2026-02-27 23:12:00+00:00,2026-02-28 00:00:39+00:00,seller_confirmed,high,1.0
FuzzyDunlopSeeEye,NorthStarGold,1rgord2,o7tahnf,o7tcvtc,2026-02-28 02:32:16+00:00,2026-02-28 02:47:11+00:00,seller_confirmed,high,1.0
Objective-Cap-7697,scottayydot,1rfvxk7,o7n7r8t,o7n81ay,2026-02-27 04:16:15+00:00,2026-02-27 04:18:06+00:00,seller_confirmed,high,1.0
Objective-Cap-7697,KellyCB11,1rfvxk7,o7n9s4a,o7n9xqp,2026-02-27 04:29:49+00:00,2026-02-27 04:30:52+00:00,seller_confirmed,high,1.0
Objective-Cap-7697,DBLUE711,1rfvxk7,o7q4hax,o7q9597,2026-02-27 16:32:35+00:00,2026-02-27 16:54:18+00:00,seller_confirmed,high,1.0
ZekNaemazza,ibroughtmydog,1rfupn0,o7mt9h6,o7mvy9i,2026-02-27 02:46:55+00:00,2026-02-27 03:02:27+00:00,seller_confirmed,high,1.0
ZekNaemazza,Signal-Hearing-2025,1rfupn0,o7mtbv8,o7mukjm,2026-02-27 02:47:18+00:00,2026-02-27 02:54:25+00:00,seller_confirmed,high,1.0
ZekNaemazza,shoeshine_0,1rfupn0,o7mu8oj,o7mwoeb,2026-02-27 02:52:34+00:00,2026-02-27 03:06:47+00:00,seller_confirmed,high,1.0
ZekNaemazza,Livid_Pain302,1rfupn0,o7mucxs,o7n6ei5,2026-02-27 02:53:14+00:00,2026-02-27 04:07:22+00:00,seller_confirmed,high,1.0
zenpathfinder,samsear,1rfylzu,o7npogh,o7npre6,2026-02-27 06:28:26+00:00,2026-02-27 06:29:06+00:00,seller_confirmed,high,1.0
zenpathfinder,Duriel48,1rfylzu,o7oex7x,o7pg045,2026-02-27 10:19:06+00:00,2026-02-27 14:33:31+00:00,seller_confirmed,high,1.0
rooneyskywalker,Accomplished_Let3636,1rexxa8,o7g04s8,o7g0yud,2026-02-26 02:27:45+00:00,2026-02-26 02:32:27+00:00,seller_confirmed,high,1.0
rooneyskywalker,drtacotickler,1rexxa8,o7g15z9,o7g35lr,2026-02-26 02:33:34+00:00,2026-02-26 02:44:48+00:00,seller_confirmed,high,1.0
rooneyskywalker,fatlardo,1rexxa8,o7g4jc2,o7g6dvl,2026-02-26 02:52:36+00:00,2026-02-26 03:03:13+00:00,seller_confirmed,high,1.0
rooneyskywalker,chi_town_steve,1rexxa8,o7g6qgq,o7g8ikx,2026-02-26 03:05:15+00:00,2026-02-26 03:15:38+00:00,seller_confirmed,high,1.0
ZekNaemazza,AdParty6645,1riha77,o85zby1,o862fy8,2026-03-02 02:56:38+00:00,2026-03-02 03:16:28+00:00,seller_confirmed,high,1.0
xxSpeedysxx,Taco_2s_day,1ricuqa,o85k6fe,o8ipsce,2026-03-02 01:22:55+00:00,2026-03-04 01:45:47+00:00,seller_confirmed,high,1.0
zenpathfinder,battosaimanslayer,1rhpokv,o80pwtn,o829o5o,2026-03-01 07:53:59+00:00,2026-03-01 15:11:17+00:00,seller_confirmed,high,1.0
zenpathfinder,Lonely-Debt5699,1rhpokv,o81q263,o829v24,2026-03-01 13:16:41+00:00,2026-03-01 15:12:15+00:00,seller_confirmed,high,1.0
zenpathfinder,Hank-griff,1rhpokv,o81spu8,o829j4a,2026-03-01 13:34:07+00:00,2026-03-01 15:10:33+00:00,seller_confirmed,high,1.0
zenpathfinder,Impressive_Sir_3886,1rhpokv,o82fp5v,o82ghwy,2026-03-01 15:41:25+00:00,2026-03-01 15:45:22+00:00,seller_confirmed,high,1.0
LogicGuy141,Sensitive-Sherbet-48,1ri9dvg,o84d98e,o855cnw,2026-03-01 21:20:42+00:00,2026-03-01 23:54:50+00:00,seller_confirmed,high,1.0
LogicGuy141,fantasnick999,1ri9dvg,o84ehph,o84ilsg,2026-03-01 21:27:02+00:00,2026-03-01 21:48:10+00:00,seller_confirmed,high,1.0
LogicGuy141,vtlmbrjack,1ri9dvg,o84ggqu,o84l94c,2026-03-01 21:37:12+00:00,2026-03-01 22:02:00+00:00,seller_confirmed,high,1.0
LogicGuy141,Motor-Astronaut-4045,1ri9dvg,o84ht35,o84nhjd,2026-03-01 21:44:04+00:00,2026-03-01 22:13:58+00:00,seller_confirmed,high,1.0
LogicGuy141,Forestbender,1ri9dvg,o84wxhb,o85akt3,2026-03-01 23:05:38+00:00,2026-03-02 00:25:20+00:00,seller_confirmed,high,1.0
LogicGuy141,mfmario,1ri9dvg,o86c0ib,o86dfz7,2026-03-02 04:21:26+00:00,2026-03-02 04:31:44+00:00,seller_confirmed,high,1.0
LogicGuy141,rickmoney21,1ri9dvg,o84dga8,o84e291,2026-03-01 21:21:41+00:00,2026-03-01 21:24:49+00:00,seller_confirmed,high,1.0
LogicGuy141,woztat,1ri9dvg,o84g4nk,o84kyju,2026-03-01 21:35:29+00:00,2026-03-01 22:00:27+00:00,seller_confirmed,high,1.0
LogicGuy141,Electronic-Laugh6591,1ri9dvg,o85m2hi,o85p5p2,2026-03-02 01:34:40+00:00,2026-03-02 01:53:55+00:00,seller_confirmed,high,1.0
stackinggold,NobleFinds,1rl0kkl,o8okfgg,o8okjiw,2026-03-04 23:02:08+00:00,2026-03-04 23:02:45+00:00,seller_confirmed,high,1.0
stackinggold,FuzzyDunlopSeeEye,1rl0kkl,o8olek7,o8pi9ea,2026-03-04 23:07:21+00:00,2026-03-05 02:12:38+00:00,seller_confirmed,high,1.0
stackinggold,Ok_Imagination_188,1rl0kkl,o8ok9pc,o8okfm5,2026-03-04 23:01:16+00:00,2026-03-04 23:02:09+00:00,seller_confirmed,high,1.0
stackinggold,NobleFinds,1rl0kkl,o8ok9r0,o8okh7s,2026-03-04 23:01:16+00:00,2026-03-04 23:02:23+00:00,seller_confirmed,high,1.0
stackinggold,loganhughes32,1rl0kkl,o8okflk,o8okkbx,2026-03-04 23:02:09+00:00,2026-03-04 23:02:52+00:00,seller_confirmed,high,1.0
stackinggold,Klutzy_Turnip_3011,1rl0kkl,o8okn1e,o8phany,2026-03-04 23:03:16+00:00,2026-03-05 02:07:07+00:00,seller_confirmed,high,1.0
stackinggold,fjcisco,1rl0kkl,o8onxy9,o8pidmr,2026-03-04 23:21:13+00:00,2026-03-05 02:13:19+00:00,seller_confirmed,high,1.0
stackinggold,Ocmikeyz,1rl0kkl,o8opssy,o8piijc,2026-03-04 23:31:34+00:00,2026-03-05 02:14:05+00:00,seller_confirmed,high,1.0
SilverGram90,Bestoftherest222,1rjgbnk,o8d00r6,o8d1vac,2026-03-03 05:02:47+00:00,2026-03-03 05:16:37+00:00,seller_confirmed,high,1.0
SilverGram90,adizzle2517,1rjgbnk,o8d1a7o,o8d340f,2026-03-03 05:12:10+00:00,2026-03-03 05:26:13+00:00,seller_confirmed,high,1.0
SilverGram90,Alert_Spinach8577,1rjgbnk,o8d1ee1,o8d40p9,2026-03-03 05:13:03+00:00,2026-03-03 05:33:22+00:00,seller_confirmed,high,1.0
zenpathfinder,chi_town_steve,1rkdciq,o8jrcor,o8js6oc,2026-03-04 05:50:17+00:00,2026-03-04 05:57:00+00:00,seller_confirmed,high,1.0
FuzzyDunlopSeeEye,The_Tin_Mann,1rk4d6y,o8i28ma,o8i4z2p,2026-03-03 23:28:24+00:00,2026-03-03 23:44:05+00:00,seller_confirmed,high,1.0
FuzzyDunlopSeeEye,ictguy24,1rk4d6y,o8hzo1l,o8i2swq,2026-03-03 23:14:04+00:00,2026-03-03 23:31:33+00:00,seller_confirmed,high,1.0
FuzzyDunlopSeeEye,Sensitive-Sherbet-48,1rk4d6y,o8i0ecp,o8i2ty7,2026-03-03 23:18:03+00:00,2026-03-03 23:31:43+00:00,seller_confirmed,high,1.0
Objective-Cap-7697,No_Working_2284,1rjbq5t,o8c25ns,o8c27k6,2026-03-03 01:28:00+00:00,2026-03-03 01:28:19+00:00,seller_confirmed,high,1.0
Objective-Cap-7697,Jamestowne17,1rjbq5t,o8c28hy,o8c2a0n,2026-03-03 01:28:28+00:00,2026-03-03 01:28:43+00:00,seller_confirmed,high,1.0
Objective-Cap-7697,Lionheart2096,1rjbq5t,o8c3vql,o8c5biq,2026-03-03 01:38:17+00:00,2026-03-03 01:46:51+00:00,seller_confirmed,high,1.0
Objective-Cap-7697,TominatorXX,1rjbq5t,o8cnz6c,o8crput,2026-03-03 03:39:54+00:00,2026-03-03 04:04:34+00:00,seller_confirmed,high,1.0
stackinggold,comesfromVT,1rsv7lj,oa9r6lw,oa9s830,2026-03-13 18:36:06+00:00,2026-03-13 18:41:12+00:00,seller_confirmed,high,1.0
stackinggold,PickleBall_Bandit,1rsv7lj,oaa34q0,oab1rcn,2026-03-13 19:34:10+00:00,2026-03-13 22:30:29+00:00,seller_confirmed,high,1.0
xxSpeedysxx,DigKlutzy4377,1rrcu9c,o9ylreb,o9yn6zn,2026-03-12 01:14:54+00:00,2026-03-12 01:23:05+00:00,seller_confirmed,high,1.0
FuzzyDunlopSeeEye,rarebell9,1rrau3h,o9y86c0,o9ya0rr,2026-03-11 23:59:27+00:00,2026-03-12 00:09:39+00:00,seller_confirmed,high,1.0
FuzzyDunlopSeeEye,Stams,1rrau3h,o9ya7v8,o9yad2h,2026-03-12 00:10:44+00:00,2026-03-12 00:11:32+00:00,seller_confirmed,high,1.0
FuzzyDunlopSeeEye,ictguy24,1rrau3h,o9yqf1q,o9z09bb,2026-03-12 01:41:31+00:00,2026-03-12 02:38:49+00:00,seller_confirmed,high,1.0
zenpathfinder,McMackMadWack,1rpnup2,o9pipxt,o9pk8f3,2026-03-10 18:03:27+00:00,2026-03-10 18:10:46+00:00,seller_confirmed,high,1.0
zenpathfinder,plasticarmsrace,1rpnup2,o9ns153,o9oth8t,2026-03-10 12:46:30+00:00,2026-03-10 16:02:38+00:00,seller_confirmed,high,1.0
zenpathfinder,PsychologicalZone748,1rpnup2,o9ngjda,o9os2be,2026-03-10 11:29:31+00:00,2026-03-10 15:55:53+00:00,seller_confirmed,high,1.0
zenpathfinder,Few_Weather37,1rpnup2,o9megpz,o9mgcrr,2026-03-10 05:35:54+00:00,2026-03-10 05:52:55+00:00,seller_confirmed,high,1.0
rooneyskywalker,rarebell9,1rrdteh,o9ytjnx,o9yu06n,2026-03-12 01:59:33+00:00,2026-03-12 02:02:14+00:00,seller_confirmed,high,1.0
rooneyskywalker,a3quit4s_,1rrdteh,o9yt07v,o9yt3rc,2026-03-12 01:56:26+00:00,2026-03-12 01:57:01+00:00,seller_confirmed,high,1.0
rooneyskywalker,TasteMaleficent,1rpjysn,o9lipi3,o9liu79,2026-03-10 01:54:22+00:00,2026-03-10 01:55:09+00:00,seller_confirmed,high,1.0
rooneyskywalker,REALArmlessHobo,1rpjysn,o9llbq0,o9lljuy,2026-03-10 02:09:45+00:00,2026-03-10 02:11:03+00:00,seller_confirmed,high,1.0
ZekNaemazza,magistersmax,1rokqde,o9ekiu0,o9em463,2026-03-09 00:03:29+00:00,2026-03-09 00:12:48+00:00,seller_confirmed,high,1.0
zenpathfinder,DRChi6,1rnwwop,o99va83,o99vjs6,2026-03-08 06:05:44+00:00,2026-03-08 06:07:53+00:00,seller_confirmed,high,1.0
rooneyskywalker,ZookeepergameHour27,1rnsc6x,o98wyuh,o998q2v,2026-03-08 02:12:04+00:00,2026-03-08 03:27:31+00:00,seller_confirmed,high,1.0
rooneyskywalker,Stalkersoul1,1rnsc6x,o98wwy0,o998oqs,2026-03-08 02:11:43+00:00,2026-03-08 03:27:16+00:00,seller_confirmed,high,1.0
rooneyskywalker,Argente_Phoenix,1rnsc6x,o98y151,o998jgr,2026-03-08 02:18:43+00:00,2026-03-08 03:26:17+00:00,seller_confirmed,high,1.0
rooneyskywalker,Unun_Pentium,1rnsc6x,o99zvtm,o9a2fqj,2026-03-08 06:44:49+00:00,2026-03-08 07:07:08+00:00,seller_confirmed,high,1.0
rooneyskywalker,Enlightened_Me,1rnsc6x,o98ystm,o998ily,2026-03-08 02:23:37+00:00,2026-03-08 03:26:08+00:00,seller_confirmed,high,1.0
rooneyskywalker,NotRandomIdiot,1rnsc6x,o98ywbd,o998h9q,2026-03-08 02:24:14+00:00,2026-03-08 03:25:53+00:00,seller_confirmed,high,1.0
rooneyskywalker,plasticarmsrace,1rnsc6x,o991qmq,o9987te,2026-03-08 02:42:20+00:00,2026-03-08 03:24:12+00:00,seller_confirmed,high,1.0
rooneyskywalker,connerp_23,1rnsc6x,o9cfuj4,o9cy6ri,2026-03-08 17:16:35+00:00,2026-03-08 18:49:33+00:00,seller_confirmed,high,1.0
xxSpeedysxx,chi_town_steve,1rlz7t8,o8vt0uq,o8vxpdf,2026-03-06 00:53:41+00:00,2026-03-06 01:21:56+00:00,seller_confirmed,high,1.0
zenpathfinder,Hour_Ad7343,1rm5mgt,o8x8nl2,o8x978p,2026-03-06 06:31:01+00:00,2026-03-06 06:35:38+00:00,seller_confirmed,high,1.0
zenpathfinder,SpeakingTheTrooth,1rm5mgt,o8xc5hx,o8zbunw,2026-03-06 07:00:46+00:00,2026-03-06 15:36:04+00:00,seller_confirmed,high,1.0
zenpathfinder,marfi311,1rm5mgt,o8yv6wz,o8zbp2c,2026-03-06 14:12:10+00:00,2026-03-06 15:35:19+00:00,seller_confirmed,high,1.0
rooneyskywalker,SiphonicHippo43,1rm15g7,o8w6rd1,o8we4k1,2026-03-06 02:15:05+00:00,2026-03-06 02:57:59+00:00,seller_confirmed,high,1.0
rooneyskywalker,RoundAttitude4730,1rm15g7,o8w8ewt,o90i2mh,2026-03-06 02:24:47+00:00,2026-03-06 18:54:45+00:00,seller_confirmed,high,1.0
rooneyskywalker,ObiWanCannoli47,1rm15g7,o8w5o2q,o8wej6w,2026-03-06 02:08:43+00:00,2026-03-06 03:00:24+00:00,seller_confirmed,high,1.0
rooneyskywalker,jangale84,1rm15g7,o8w66b3,o8wekx0,2026-03-06 02:11:40+00:00,2026-03-06 03:00:41+00:00,seller_confirmed,high,1.0
rooneyskywalker,DigKlutzy4377,1rm15g7,o8w79dn,o8wes9j,2026-03-06 02:17:59+00:00,2026-03-06 03:01:55+00:00,seller_confirmed,high,1.0
rooneyskywalker,Ag0killer99,1rm15g7,o8w7x8t,o8wf9jz,2026-03-06 02:21:52+00:00,2026-03-06 03:04:45+00:00,seller_confirmed,high,1.0
rooneyskywalker,throwawaysandlot2020,1rm15g7,o8w84at,o8wf995,2026-03-06 02:23:02+00:00,2026-03-06 03:04:42+00:00,seller_confirmed,high,1.0
rooneyskywalker,shinebawx,1rm15g7,o8w8chy,o8wf8nc,2026-03-06 02:24:24+00:00,2026-03-06 03:04:36+00:00,seller_confirmed,high,1.0
rooneyskywalker,Illustrious_Panda238,1rm15g7,o8w5mcr,o8we2er,2026-03-06 02:08:27+00:00,2026-03-06 02:57:38+00:00,seller_confirmed,high,1.0
rooneyskywalker,CoinSmiths,1rm15g7,o8w7o07,o8wf0qa,2026-03-06 02:20:20+00:00,2026-03-06 03:03:18+00:00,seller_confirmed,high,1.0
rooneyskywalker,shinebawx,1rm15g7,o8w60hw,o8wekmc,2026-03-06 02:10:43+00:00,2026-03-06 03:00:38+00:00,seller_confirmed,high,1.0
SilverGram90,chi_town_steve,1rmyzkq,o9331gh,o934k7i,2026-03-07 03:26:19+00:00,2026-03-07 03:36:22+00:00,seller_confirmed,high,1.0
SilverGram90,Ordinary-Nature-8704,1rmyzkq,o932obx,o933vch,2026-03-07 03:23:55+00:00,2026-03-07 03:31:45+00:00,seller_confirmed,high,1.0
SilverGram90,_cokedup,1rmyzkq,o933ln9,o934tav,2026-03-07 03:30:00+00:00,2026-03-07 03:38:02+00:00,seller_confirmed,high,1.0
FuzzyDunlopSeeEye,Professor_glob,1rmt8gw,o91xm3s,o925qj8,2026-03-06 23:14:30+00:00,2026-03-07 00:02:02+00:00,seller_confirmed,high,1.0
FuzzyDunlopSeeEye,jangale84,1rmt8gw,o91z38o,o925um8,2026-03-06 23:23:04+00:00,2026-03-07 00:02:42+00:00,seller_confirmed,high,1.0
FuzzyDunlopSeeEye,SAVAG3_AR3S,1rmt8gw,o927wbr,o92btw2,2026-03-07 00:14:44+00:00,2026-03-07 00:38:00+00:00,seller_confirmed,high,1.0
FuzzyDunlopSeeEye,CandidateWooden7337,1rmt8gw,o92d1ou,o92dyzt,2026-03-07 00:45:13+00:00,2026-03-07 00:50:48+00:00,seller_confirmed,high,1.0
FuzzyDunlopSeeEye,ScottH7777,1rmt8gw,o9395sb,o939bn5,2026-03-07 04:07:11+00:00,2026-03-07 04:08:18+00:00,seller_confirmed,high,1.0
xxSpeedysxx,rooneyskywalker,1qyy1ri,o47yrs2,,2026-02-08 08:13:08+00:00,,sold_post_single_buyer,sold_post_single_buyer,0.4
xxSpeedysxx,SLyons57,1qud4kk,o39axag,,2026-02-03 00:43:41+00:00,,sold_post_single_buyer,sold_post_single_buyer,0.4
ZekNaemazza,RogeliosPhone,1r5xkk8,o5m9p1y,,2026-02-16 02:47:47+00:00,,sold_post_single_buyer,sold_post_single_buyer,0.4
ZekNaemazza,InflationAble9896,1r47knb,o59xei2,,2026-02-14 02:28:38+00:00,,sold_post_single_buyer,sold_post_single_buyer,0.4
stackinggold,ldmiller33,1r43w77,o5907v8,,2026-02-13 23:04:56+00:00,,sold_post_single_buyer,sold_post_single_buyer,0.4
rooneyskywalker,pandeesh,1rhjd7x,o7ziol7,,2026-03-01 02:27:55+00:00,,sold_post_single_buyer,sold_post_single_buyer,0.4
ZekNaemazza,chicorico13,1rfupn0,o7myh43,,2026-02-27 03:17:39+00:00,,sold_post_single_buyer,sold_post_single_buyer,0.4
SilverGram90,trenusingtreebeard,1rjgbnk,o8d0z9t,,2026-03-03 05:09:55+00:00,,sold_post_single_buyer,sold_post_single_buyer,0.4
rooneyskywalker,zenpathfinder,1rpjysn,o9sqsph,,2026-03-11 04:17:19+00:00,,sold_post_single_buyer,sold_post_single_buyer,0.4
zenpathfinder,RockyMtnSilverstackr,1rm5mgt,o8zbt96,,2026-03-06 15:35:53+00:00,,sold_post_single_buyer,sold_post_single_buyer,0.4
SilverGram90,rabbitt6-9,1rmyzkq,o9360w3,,2026-03-07 03:46:00+00:00,,sold_post_single_buyer,sold_post_single_buyer,0.4
